generated,log_probs,linear_probs,correct_answer
A,-0.00066740223,99.93328204333302,A
B,-0.00053385197,99.94662905036085,B
B,-0.20191826,81.71617200114014,B
B,-0.003267434,99.67378982532959,B
B,-0.03339128,96.71600551568721,B
C,-0.594369,55.19107116753431,C
D,-0.00033748866,99.96625682828918,D
A,-2.2677195,10.35480523609198,C
D,-0.028469179,97.19322496083707,D
B,-0.0061390037,99.38798014818421,B
A,-0.00010747691,99.98925288654362,A
A,-0.85490227,42.532475603957714,C
A,-1.9767684,13.851614358040795,D
C,-0.004485543,99.55245020232621,C
B,-0.032079305,96.84297777102313,A
A,-0.005994206,99.40237234107039,C
B,-0.00018542144,99.98145957494927,B
D,-0.0007585271,99.92417605089564,D
D,-0.0024221526,99.7580778444652,D
C,-0.24243292,78.47163845883355,C
A,-0.15832938,85.35685872397991,A
C,-0.62418795,53.56962640922376,B
A,-1.6905236,18.44229348594684,B
A,-0.08431641,91.91403848710922,D
B,-0.00012856863,99.98714396345922,B
D,-1.0798124,33.96592397417456,B
B,-0.16868775,84.47726424652375,B
B,-2.356599,9.474189306494702,A
C,-0.4574134,63.29186374078437,B
D,-1.3744056,25.298992833489457,B
A,-1.1072801,33.04565486142393,B
B,-0.00083881535,99.91615363572497,B
A,-1.4036424,24.570039298640868,D
B,-0.014144112,98.59554460128406,D
D,-0.00015598179,99.9844030374527,D
A,-0.00047011464,99.95299958465729,C
B,-0.04852627,95.2632313326249,B
B,-0.0007872331,99.921307668668,B
C,-0.7586211,46.83117370528748,A
A,-0.0003205654,99.9679485975598,B
D,-0.00019042798,99.98095901502569,D
B,-0.58308506,55.81737082157729,D
C,-0.001203685,99.87970391382157,C
D,-0.07388365,92.87797510789734,B
D,-0.00057424,99.94259248442339,D
B,-0.00014048899,99.9859520878116,B
D,-0.010510644,98.95443998012524,B
C,-0.51050997,60.018942215392975,C
C,-0.0005871103,99.94130620155278,C
C,-0.22015165,80.23971052143534,A
C,-0.12449778,88.29402214915042,B
D,-0.060848866,94.09654409009718,A
D,-0.0002905334,99.97095088007413,D
A,-0.036041155,96.46005945287556,C
C,-0.4135264,66.13140754583881,B
A,-0.006909668,99.31141488688114,D
A,-0.18234313,83.33153558555455,C
C,-0.014806069,98.53030018724715,C
D,-0.0035695422,99.643682104222,D
C,-0.27917063,75.64108258239126,C
B,-0.035175018,96.54364327168359,B
A,-0.0027149995,99.72886827779277,A
C,-0.00067526236,99.93249655783185,C
C,-0.10622965,89.92181189211114,D
D,-9.436451e-05,99.99056399421903,D
A,-0.77704054,45.9764654993637,A
D,-2.0583985,12.765825096201015,B
A,-0.00048811073,99.95120083766625,A
B,-0.25041154,77.84803413389577,A
B,-0.14108762,86.84132179978906,C
D,-0.037831344,96.2875321897839,A
A,-0.000839404,99.91609482009845,A
C,-0.02462961,97.56712239756843,D
C,-0.35812232,69.89875696176071,C
D,-0.00039873365,99.96013458336972,D
A,-0.00012499251,99.98750153012384,A
A,-0.21214344,80.88486679921209,C
D,-0.00042340517,99.95766844533196,A
B,-4.310693e-05,99.99568939990904,B
D,-1.175996,30.851154911009303,D
D,-0.054573383,94.68890207512234,C
B,-7.278864e-05,99.99272140090287,B
A,-0.029415093,97.1013319969138,C
B,-0.002755426,99.72483667019179,B
B,-0.000197461,99.98025584941401,B
B,-8.44706e-05,99.99155329675406,B
D,-0.07221121,93.03343791345756,D
D,-8.44706e-05,99.99155329675406,D
C,-0.0019061435,99.80956720377796,D
A,-0.01915409,98.10281839627078,A
H,-5.070037,0.6282187695556173,A
A,-0.00016516048,99.98348531582413,A
C,-0.2608171,77.04218168799389,C
B,-0.00018744789,99.98125696772581,B
C,-0.31906876,72.68255710618396,C
B,-0.00054993347,99.94502177156954,B
C,-0.00023131118,99.97687155703684,C
A,-0.18096195,83.44671095652444,D
A,-0.00042328594,99.95768036328548,B
B,-0.44330537,64.19111567454368,D
B,-0.008402164,99.16330355268876,B
A,-1.1565723,31.456256116528685,C
A,-0.00010974178,99.98902642414089,A
A,-0.0006365468,99.93636557529338,A
C,-0.07319333,92.9421127668812,A
A,-0.17234881,84.16855336282882,B
C,-0.9486279,38.7272035029965,A
A,-2.3300676,9.72891701193336,D
C,-0.14838247,86.21013239851074,A
D,-0.07302724,92.95755080440698,D
C,-0.0012191668,99.87815760819134,C
C,-0.00012618455,99.98738234109355,A
C,-0.0011087824,99.88918320720789,C
A,-0.000468565,99.95315447594358,B
A,-0.04731372,95.37881282378441,A
D,-9.543734e-05,99.9904567213998,D
A,-0.0012459473,99.87548285700727,A
B,-0.005769515,99.42470966891835,A
A,-0.00036323295,99.96368330111012,A
A,-0.03392656,96.66424922554407,A
B,-0.09044969,91.35202919507564,D
C,-0.11544907,89.09659479773056,C
B,-0.00084131124,99.91590425630748,B
A,-0.10085135,90.40674125187213,A
D,-0.12955591,87.84854709205004,C
B,-0.014633753,98.54727999735869,D
C,-0.048169624,95.29721264231566,C
A,-0.00015896189,99.98410507437718,A
A,-0.44194844,64.27827764811036,D
D,-0.0007996229,99.92006967131954,D
A,-2.602795,7.40662734066494,B
B,-0.9023829,40.56019982765368,D
B,-6.50404e-05,99.9934961715081,B
C,-0.00013572084,99.98642883696566,C
D,-0.0062669516,99.37526447832798,D
A,-0.00033999194,99.966006585071,A
C,-0.30061135,74.03654598742655,A
C,-0.00055589364,99.94442608402433,C
A,-3.9888433e-05,99.9960112362533,A
C,-0.00021259987,99.9787422727751,C
D,-0.11919353,88.76359999431111,C
B,-0.34395838,70.89584342855166,D
C,-0.2746829,75.98130217376837,C
D,-0.1524853,85.85715148648993,B
B,-0.0007313779,99.92688894916242,B
D,-0.63882565,52.791201363753736,D
D,-0.013716202,98.6377436488277,C
B,-0.00028088156,99.97191578835323,B
C,-0.00013917775,99.98608319347737,C
C,-0.2513239,77.77704109200376,D
D,-0.07367426,92.89742486332628,D
B,-1.0054972,36.58626826486449,B
C,-0.0006050991,99.93950839355404,C
C,-0.00067335507,99.93268715826498,B
D,-0.27123278,76.24389951971993,B
C,-0.0026533017,99.73502151938078,C
B,-0.25410697,77.56088307322109,C
A,-0.74849385,47.3078543672401,D
B,-0.17824775,83.67350966870167,B
C,-0.61451954,54.090071404513374,C
C,-0.00084941345,99.91509471994839,C
C,-0.00018542144,99.98145957494927,D
B,-0.16625296,84.6831992472434,A
C,-0.0001136755,99.98863309608149,C
C,-0.1366951,87.2236130389101,C
A,-0.18474159,83.13190772613031,A
A,-0.015159896,98.49544367367426,C
B,-0.6053261,54.5896380801134,B
A,-0.09868968,90.6023821716047,B
A,-1.7099707,18.08710920624823,B
D,-0.00023536409,99.97646636059545,D
D,-0.000941358,99.90590849384434,D
B,-0.08203331,92.12412716385002,B
C,-0.014073237,98.60253280814932,C
C,-0.0002603822,99.97396516965028,C
B,-0.007063324,99.29615626443476,B
A,-0.8746558,41.70055282820956,D
C,-0.00011498674,99.98850198707217,C
C,-0.0004746407,99.95254719240776,C
B,-0.18558568,83.06176652104722,B
C,-0.26195058,76.95490538820853,D
C,-0.0012824952,99.87183268455084,C
D,-0.69216394,50.04918620497051,C
D,-0.198637,81.98474439463745,A
C,-0.016491534,98.36437068830446,B
B,-0.06729239,93.49217995837748,B
D,-0.29014137,74.81577930348664,C
A,-0.0001593195,99.98406931906776,D
A,-0.16879147,84.46850271905677,D
A,-0.15814103,85.37293720246375,D
B,-4.739826e-05,99.99526028632798,B
C,-0.044699386,95.62849112605942,D
C,-0.010182534,98.98691324853785,A
B,-0.0008236801,99.91766590313352,B
B,-0.00010258956,99.9897415702129,B
C,-0.025995906,97.43390785447716,B
D,-0.00024810788,99.97519228962148,D
B,-0.004759292,99.52520154845182,B
B,-0.00015026369,99.98497475990227,B
D,-0.0138185015,98.62765357308494,C
A,-0.002452588,99.75504171366595,A
A,-0.752011,47.14175781172507,D
C,-0.00028982185,99.97102201442954,C
B,-0.005214548,99.47990241542911,B
B,-4.9663133e-05,99.9950338100193,B
A,-0.7131163,49.01144714290063,C
B,-2.116682,12.043055490776345,A
A,-0.0011787971,99.88218974083799,A
A,-6.206032e-05,99.99379416057018,A
B,-0.00038145646,99.96186162852653,B
A,-0.00014168103,99.98583290062831,A
A,-0.27014917,76.32656295105022,A
D,-0.38543192,68.01567994273566,A
A,-0.0025366636,99.74665510124052,C
A,-0.020948462,97.92694328569617,A
B,-0.00013440961,99.98655994225669,B
D,-0.00031627773,99.96837722805287,D
C,-0.00031615852,99.96838914528384,C
C,-0.16797793,84.53724918496714,C
B,-0.040826745,95.9995439550277,C
C,-0.00026598477,99.97340506008129,C
D,-8.184812e-05,99.99181552294661,D
A,-0.0008498903,99.91504707544682,A
B,-0.26690933,76.57424981901767,B
C,-0.0001437075,99.98563028254281,C
A,-0.00022737744,99.9772648408291,A
Ret,-0.641812,52.633783528928035,A
B,-0.84615433,42.90617933431599,A
A,-0.07789493,92.50616176616822,A
D,-0.005623124,99.43926561699541,D
B,-0.22198229,80.09295486713634,B
B,-0.62378633,53.591145363514194,C
D,-0.18146388,83.40483705865593,D
A,-0.00022845028,99.97715758127782,B
A,-0.0002935135,99.97065295708732,C
C,-0.025545847,97.47776873086296,D
D,-0.012519421,98.75586209316619,D
D,-0.0015235527,99.84776073172242,D
A,-0.28833154,74.95130574826335,B
A,-0.0003240223,99.96760301895561,C
C,-0.024470726,97.582625483807,C
C,-0.00012368128,99.98763263682142,D
D,-0.0013402429,99.86606548244144,D
D,-0.77738637,45.960568207338746,A
C,-0.24195461,78.50918120604476,A
C,-0.00016218038,99.98378327705268,C
A,-1.1263752,32.420631213188535,B
A,-1.0083277,36.482857254015656,C
C,-0.00017231269,99.98277021549788,C
A,-4.5491004e-05,99.99545100307,A
D,-0.0012613063,99.87394888124626,D
D,-0.0004833426,99.9516774191217,D
B,-0.14944044,86.11897289524984,A
D,-0.0007790117,99.92212916508379,D
B,-0.015281291,98.4834875450113,B
A,-0.0034995733,99.65065430696662,A
B,-0.2640043,76.79702373775855,A
B,-0.006416455,99.36040864893874,B
B,-0.00021331508,99.9786707670044,B
C,-0.00018292182,99.98170949091761,C
D,-5.5861725e-05,99.99441398352371,D
B,-0.030876134,96.95956655748958,C
C,-0.0029009245,99.71032791157043,C
D,-0.0009402852,99.90601567296046,D
A,-0.2185434,80.36885986025679,D
B,-8.208653e-05,99.9917916839007,B
A,-1.104215,33.147098486146234,C
B,-0.0012814223,99.8719398370976,B
A,-0.0006053375,99.93948456797807,A
B,-1.025033,35.87846253179557,D
C,-1.3980399,24.708079267207022,C
C,-0.005792751,99.42239946320457,C
A,-0.0010092307,99.89912784020214,C
B,-0.007245603,99.27805830985567,B
B,-0.02062107,97.9590090322604,B
C,-0.00029601678,99.97040270286442,C
C,-0.0003670365,99.96330308496559,C
A,-0.00022189408,99.97781305366705,A
B,-0.036272265,96.43776914439121,C
A,-0.17847653,83.6543690327405,A
C,-0.0091531295,99.08886328738858,C
A,-3.6431527e-05,99.996356913662,A
C,-1.5571973,21.07258456618975,B
C,-0.00018887833,99.98111395063887,C
B,-0.0008947861,99.91056141017086,B
A,-0.00032068457,99.96793668438006,A
A,-0.08902911,91.4818942807418,A
A,-0.03478722,96.58108996386395,B
C,-1.04024,35.336986301379056,C
A,-2.1076038,12.15288251872519,D
A,-0.00062915985,99.93710380295569,A
D,-0.01125036,98.8812688638601,D
A,-0.4821095,61.74794440635535,C
C,-0.0006034302,99.93967518273877,C
C,-0.02435264,97.59414930610754,C
D,-0.12549078,88.20638970186721,A
A,-0.015742702,98.43805666250014,A
A,-0.00032938644,99.96706678017577,A
D,-0.0012041618,99.8796562911901,D
A,-0.00010127832,99.9898726808476,A
D,-0.00015502817,99.98449838462457,D
C,-0.5301569,58.85126248032575,C
C,-0.00035679596,99.9643267684109,C
C,-1.1919026,30.36430029639145,B
C,-0.6319265,53.1566750599094,C
C,-0.0001875671,99.98124504896087,C
B,-0.07028707,93.21261960272992,B
A,-0.0033795955,99.66261089048687,A
D,-0.035426576,96.51936000032309,B
B,-0.47094616,62.4411195805205,B
C,-3.9543273,1.9171560921840038,D
B,-0.06355467,93.84228143229963,D
D,-1.0185666,36.11121875829782,A
C,-0.08897098,91.48721227782242,D
D,-0.016476994,98.365800916652,C
D,-0.053302795,94.80928912280524,D
A,-0.10169258,90.33072036893563,D
A,-0.070868716,93.158418619809,D
D,-0.00010354319,99.98964621704111,D
D,-0.3453919,70.79428562903996,B
B,-0.0002936327,99.9706410405862,B
D,-0.52573204,59.11224806413165,D
D,-0.00010294717,99.9897058128878,D
B,-0.98627776,37.2962365951876,D
B,-0.0011443839,99.8856270657543,B
C,-0.019120641,98.10609989232438,C
C,-0.0010481736,99.89523755420657,C
D,-0.00058484543,99.94153255587528,D
C,-0.15985063,85.22710831907017,B
A,-0.08739211,91.6317727837641,C
D,-0.09564617,90.87855147660996,D
B,-0.83450395,43.40897582591262,D
A,-0.35835487,69.88250389572775,B
C,-0.14377305,86.60842835846522,C
B,-0.049865186,95.13576721889463,B
A,-0.00024798868,99.9752042066651,A
D,-1.7829614,16.81394809988572,C
D,-0.13836206,87.07833588416251,A
D,-0.01195194,98.8119200729575,D
A,-0.0045760884,99.54343659397821,D
B,-0.012552979,98.75254809955186,B
B,-0.13975637,86.95700629484212,C
B,-8.304016e-05,99.99169632877386,B
A,-0.35422847,70.1714628298632,B
D,-0.00090812583,99.9092286391469,C
A,-0.0049058045,99.51062093050741,C
A,-0.00029244067,99.97076020866047,A
A,-0.4913883,61.177647506923314,C
B,-0.1827526,83.29742080664425,B
A,-6.659005e-05,99.99334121670682,A
C,-0.23588961,78.986786263369,D
B,-0.0029464401,99.70578963945121,B
A,-0.030692631,96.9773605614082,A
B,-1.1919872,30.361731585244385,B
D,-1.7576518,17.244933427518202,A
B,-0.112641886,89.34705671496872,D
C,-0.051595937,94.9712533020246,D
A,-0.00011510595,99.98849006744356,A
D,-9.639097e-05,99.99036136754603,D
A,-0.8324315,43.49903204413477,B
C,-1.4238652,24.07815471309028,C
A,-0.0012272544,99.87734983687034,A
C,-0.00023762896,99.9762399271525,C
C,-0.00015955791,99.98404548186863,C
B,-0.00034845536,99.9651605343518,B
D,-0.06739726,93.48237594754754,B
C,-0.0003576304,99.96424335421287,C
A,-0.00011760922,99.98823976956932,A
A,-5.4908094e-05,99.99450934134218,A
D,-0.0002291655,99.97708607564074,D
C,-0.10184967,90.31653143057221,A
D,-0.0010961652,99.89044353696116,D
B,-0.6679951,51.27355314398392,C
B,-0.05377365,94.76465820314573,C
B,-0.030622467,96.98416511964935,C
B,-0.028980354,97.14355491019336,B
D,-0.0047398414,99.52713739216365,D
C,-0.010442582,98.96117524642442,A
D,-0.0005330175,99.9467124528592,D
B,-7.171581e-05,99.99282867615172,B
B,-0.36223325,69.61199789188163,D
B,-0.0011668878,99.88337927488351,C
C,-0.11082208,89.50979905969592,B
B,-0.8829689,41.35532889118059,A
A,-0.55290896,57.527392518336875,C
A,-0.6388182,52.79159465966893,C
C,-0.19359587,82.39908364068302,C
C,-0.037472688,96.32207248460071,C
A,-2.4296043,8.807167565027177,D
A,-0.009945906,99.01033909534235,A
D,-8.10137e-05,99.99189895815212,D
B,-8.709308e-05,99.99129107124922,B
B,-0.033699296,96.6862200259715,B
B,-0.024602043,97.56981206750446,C
C,-7.1954215e-05,99.99280483736425,C
A,-0.0012105915,99.8790140970286,A
A,-0.00074935204,99.92509286541227,A
D,-0.003741768,99.62652236907363,D
D,-0.0004738063,99.95263059284794,C
B,-0.0019588443,99.80430729834049,B
B,-0.0009027653,99.90976420699977,A
C,-2.853359,5.7650347761245415,A
B,-0.094840035,90.95184139451958,C
C,-2.999418,4.981605287532757,A
C,-0.008397314,99.16378449587728,C
A,-0.00014036978,99.98596400713767,A
A,-0.41708118,65.89674227973181,D
A,-0.0005948549,99.94053219910994,A
C,-3.3262239,3.5928518918918453,D
B,-0.00031997304,99.96800781459136,B
B,-0.00038765505,99.96124200785106,B
B,-0.03166247,96.88335372813374,D
B,-0.0057062204,99.43100291530914,B
A,-0.6647653,51.439424186883755,B
A,-0.00011462913,99.98853774396676,A
C,-0.011047126,98.9013669418936,C
B,-0.0006270142,99.93731823323252,D
B,-7.398068e-05,99.9926022056503,B
B,-0.00057292875,99.9427235342337,C
B,-0.025732795,97.45954716025042,D
A,-0.0044728466,99.55371416807884,A
A,-0.0003028114,99.96972344427446,A
B,-2.0307174,13.12413348342916,A
B,-0.08254867,92.07666230547011,B
C,-0.05618827,94.53611359938282,C
C,-0.13067088,87.75065318202671,D
C,-0.00022463576,99.97753894687233,C
C,-0.00011439072,99.98856158223688,C
A,-0.028776638,97.16334662250122,A
A,-1.1189082,32.66362214408029,D
B,-0.00128571,99.8715116170992,B
D,-0.6353044,52.97742005041752,D
D,-0.57999015,55.99038815914742,A
A,-1.9866157,13.71588274773099,B
A,-0.70136404,49.59084033382267,A
A,-1.0314085,35.65044702270822,C
C,-0.0009158631,99.90845561745998,C
D,-0.004123873,99.58846184876442,A
A,-0.00028684177,99.97131993651674,A
A,-0.04117401,95.96621246116173,A
D,-0.24726677,78.09323364215118,D
D,-0.006889304,99.3134372851259,A
B,-1.25761,28.43327703989767,A
D,-0.00071862683,99.92816313204187,D
A,-0.21976534,80.27071391208122,A
B,-3.0571492,4.70215533722758,A
B,-0.06222413,93.96722544450681,B
C,-0.00014823723,99.98517737565953,C
B,-0.008474985,99.15608264468082,B
D,-2.0429761,12.96423077044269,A
D,-0.0001004439,99.98995611443196,D
C,-0.0018253617,99.81763032594627,C
C,-0.0047753113,99.52360723716056,A
A,-0.00069110905,99.9309129710853,A
A,-0.06910218,93.3231317630182,A
C,-0.0014452338,99.85558100474398,C
C,-0.9404923,39.04355766035496,C
A,-0.00024156268,99.9758466493915,A
D,-0.0014227338,99.85782778059273,D
C,-0.001959321,99.80425972163854,A
B,-0.0005450497,99.94550988126043,B
C,-0.006762145,99.32606668545156,D
A,-0.00021259987,99.9787422727751,A
C,-0.44598454,64.01936693792692,A
A,-0.00022737744,99.9772648408291,A
C,-0.9853351,37.33141084164933,C
C,-0.062309254,93.95922691884616,C
A,-0.00014883325,99.98511778251186,A
D,-0.0010129224,99.89875904327263,D
C,-1.6112347,19.964096513810155,A
C,-0.002264448,99.77381139282231,C
B,-0.0007916437,99.92086695672032,B
C,-0.021830857,97.8405711533487,D
A,-0.00041434568,99.95857401493166,A
C,-3.3477035,3.5165017906801648,C
D,-5.8484206e-05,99.99415175041678,D
C,-0.0002354833,99.9764544424016,A
A,-0.035329346,96.52874503394195,D
A,-0.28141013,75.47187392006782,C
C,-0.7543671,47.03081786027556,C
C,-0.00018065695,99.98193593674841,C
A,-0.7593503,46.79703686122757,A
C,-0.0001440651,99.98559452768781,C
A,-0.249073,77.95230661237837,D
B,-0.019286118,98.08986693236031,B
B,-0.09804749,90.66058480198481,A
C,-0.00014966767,99.9850343529647,C
A,-0.122973464,88.42871276927046,D
D,-1.1355742,32.123761372952394,D
A,-9.221884e-05,99.99077854120266,A
D,-0.00037228144,99.96277878481368,D
D,-8.208653e-05,99.9917916839007,D
B,-4.632543e-05,99.99536756430062,B
C,-0.00027933193,99.97207070795314,C
B,-0.5112746,59.97306747244425,A
D,-0.0052950694,99.47189247690481,D
C,-1.9635069,14.036530967600061,A
A,-0.000754001,99.92462831873237,A
C,-0.44726306,63.937569198074925,B
C,-0.003022749,99.69818149060862,A
B,-0.08385205,91.95672960127686,B
A,-0.00037585758,99.96242130456116,A
A,-0.04514216,95.58615868907239,A
A,-0.72706187,48.33269834555979,A
C,-0.0017175429,99.82839312327239,C
B,-0.08014611,92.29814797101902,D
D,-0.014269051,98.58322694203116,B
A,-1.4275064,23.990640760741396,B
D,-0.00012190055,99.98781068795701,D
A,-0.0001008015,99.98992035803005,A
B,-0.00061021384,99.93899723026011,A
A,-0.22157338,80.12571237429076,D
D,-0.20461115,81.49641536174826,D
C,-0.001638408,99.83629334576689,C
C,-0.0027732516,99.72305903098703,D
D,-0.0055089574,99.45061890792837,D
B,-0.05569454,94.58280043914854,C
C,-0.00096481916,99.90356461283541,B
D,-0.04267975,95.82182103166697,D
A,-0.29650748,74.34100665360096,D
A,-0.00025228,99.97477518199233,A
D,-0.021674555,97.85586502550139,D
C,-0.96582454,38.06691933250388,D
B,-0.00087739696,99.91229878401636,B
D,-0.0003480978,99.96519627790099,D
A,-0.23194806,79.29873099979373,C
C,-0.32985926,71.90249218786333,C
C,-0.06417312,93.78426261606552,C
C,-9.0907604e-05,99.9909096527971,C
C,-0.0052507105,99.47630503850348,D
D,-0.10173899,90.32652821748293,A
A,-0.00749222,99.25357767174431,A
B,-0.00010509284,99.98949126820591,B
D,-0.00022129806,99.97787264246095,D
B,-0.00070432975,99.92959182319746,B
C,-0.00031437047,99.96856789392184,C
A,-0.22022118,80.23413164831454,B
B,-0.0044689276,99.55410431984917,C
D,-0.07303942,92.95641858833339,D
D,-0.27439728,76.00300705282147,D
A,-0.0121813705,98.78925220517876,C
D,-3.0540023,4.716975856974491,B
A,-0.00016086915,99.9839143788748,A
C,-2.368354,9.363472225743454,C
C,-0.00068777136,99.93124651005084,C
C,-0.00029327508,99.97067679209324,C
C,-0.034430124,96.61558484339086,C
C,-0.003622643,99.63839108546722,C
A,-0.00029327508,99.97067679209324,A
C,-0.1551875,85.62546146910675,C
D,-0.021489875,97.87393871552746,C
D,-0.19675037,82.13956527188843,C
D,-0.00049465225,99.95054700702546,D
C,-0.012968802,98.7114930551509,D
D,-2.4959574,8.24175070858519,A
B,-8.506662e-05,99.99149369980623,B
A,-0.0037743126,99.62328011651293,A
B,-0.1550703,85.63549736128273,D
C,-0.00025025356,99.97497777508102,C
D,-0.011543707,98.85226659435506,B
D,-0.000113794704,99.98862117703717,D
A,-0.00095040654,99.90500449532502,A
A,-0.00093730877,99.90631303666522,A
D,-0.00014442271,99.98555877184575,D
D,-0.0036593338,99.6347353402541,B
D,-0.00015109812,99.9848913294746,D
B,-0.4290649,65.1117670272945,D
D,-0.0011893989,99.88113081545205,D
D,-0.015864722,98.42604598361262,B
B,-0.18398528,83.19480500118358,A
A,-0.00029601678,99.97040270286442,A
D,-0.24443159,78.31495617943871,B
A,-0.00043543737,99.95646574190928,A
B,-0.5532929,57.50530969076506,B
C,-0.00016563729,99.98343764270986,C
D,-0.5775774,56.125642069501005,D
D,-0.0021500231,99.7852286544106,C
C,-0.00016063073,99.9839382170425,C
C,-0.02870158,97.17063978267359,C
A,-0.0016570901,99.83442821157334,A
B,-0.005978093,99.40397402439984,B
B,-0.022364095,97.78841275052515,C
D,-0.24604008,78.18908861107363,C
A,-0.00021569549,99.97843277705998,B
B,-0.00020854695,99.97914747944036,B
A,-0.00036597464,99.96340923205497,A
A,-0.16108122,85.12229319729141,A
B,-0.033215214,96.73303541506348,C
C,-0.00018852073,99.98114970389163,C
B,-0.00010402,99.98959854098926,B
A,-0.069658846,93.27119640521728,A
B,-0.01506021,98.5052627798779,B
B,-0.00010413921,99.98958662122993,B
D,-0.035262022,96.5352439539368,D
A,-1.9134787,14.756615430312598,B
D,-0.00011820524,99.98818017459641,D
D,-0.16271158,84.98362628456377,D
D,-0.027610732,97.27669601583737,D
C,-2.0899923,12.368808821206732,A
D,-0.0019912054,99.80107757343059,D
C,-0.01688626,98.32555137572017,C
D,-0.007918548,99.21127211114596,A
D,-0.00050918775,99.94909418640822,D
A,-5.419287e-05,99.99458085984071,A
D,-0.00023202639,99.9768000526041,D
C,-0.00015217095,99.98478406274117,C
B,-2.8921695e-05,99.99710787232281,B
B,-0.00040087933,99.95992010113825,B
A,-0.0001558626,99.9844149545944,A
D,-0.003446588,99.65593446666445,C
B,-0.00067180546,99.9328420150763,B
B,-0.00017076306,99.98292515191814,B
D,-0.08814323,91.56297216858448,A
D,-0.36755782,69.24232897365702,D
A,-0.017708395,98.24474771884842,A
A,-0.0009149204,99.90854980120548,A
D,-0.0008784698,99.91219159416323,D
A,-0.037917655,96.27922187523401,A
C,-1.5084355,22.12558621172275,B
C,-0.00015741224,99.98426001486565,C
A,-0.0006871754,99.93130606509426,A
D,-0.4783496,61.980547510712015,C
D,-0.042179886,95.8697308836227,D
C,-0.20361671,81.57749896674864,B
A,-1.0517524,34.932505519881275,B
C,-0.039248966,96.15112957234511,C
B,-0.000107000094,99.9893005630306,B
A,-0.0065939864,99.34277062218484,D
D,-0.00023822498,99.97618033933175,D
B,-9.233804e-05,99.99076662230256,B
A,-1.000353,36.77496026465567,A
A,-0.0002998313,99.97002136449122,A
B,-0.07901879,92.40225618980281,B
C,-4.823269e-05,99.99517684731775,C
D,-0.06073657,94.10711134893165,C
C,-0.011862764,98.82073211764754,B
C,-0.0019169763,99.80848599255464,C
A,-4.0246043e-05,99.99597547668611,A
C,-0.05816096,94.3498069764702,B
B,-0.15340348,85.77835534719344,D
C,-0.0029162613,99.70879868594005,C
B,-0.0842946,91.91604315414945,B
A,-0.19041951,82.66122890746139,D
A,-0.000116655596,99.98833512079995,A
A,-0.0047772108,99.52341819224816,A
A,-0.001084375,99.89162127221141,A
D,-0.04351828,95.74150523838443,C
B,-0.0004069587,99.95931240964599,B
D,-0.00042792756,99.95721639879392,D
C,-0.001040552,99.89599891865052,C
C,-0.003034994,99.69696069385061,C
D,-0.002959281,99.70450933559718,A
D,-0.00012558853,99.98744193559092,D
C,-1.1435375,31.86896607617203,B
B,-0.010263709,98.9788783119773,B
B,-0.0010858054,99.89147838733852,B
C,-0.21589512,80.58198118235644,C
A,-0.0024093043,99.7593595744108,A
A,-0.035589144,96.5036703163614,C
C,-5.0084286,0.6681394204250513,D
B,-0.08968079,91.42229678123535,C
C,-0.6714563,51.0963918939658,A
D,-0.00012296606,99.9877041500016,D
A,-0.0010380488,99.896248978628,A
D,-0.019841388,98.03541569091824,A
B,-0.19476068,82.30316024118059,A
C,-0.15797432,85.3871709112426,A
C,-0.52551955,59.12481016033544,C
C,-1.35382,25.8251851912842,D
D,-0.09444681,90.9876129650289,D
C,-6.992776e-05,99.99300746848888,C
A,-0.12254212,88.46686419155321,B
C,-0.09089956,91.31094190036524,B
A,-0.00011939728,99.98806098475715,A
D,-0.22745696,79.65567045602793,B
C,-0.25439465,77.53857356753176,C
A,-0.00064940983,99.93508009909247,A
D,-0.03195394,96.85511925197387,D
A,-0.01869543,98.14782455542989,D
D,-0.068335034,93.39475169821864,C
B,-0.0014540439,99.85470127096507,B
A,-0.18054497,83.48151382160415,A
D,-5.8365e-05,99.99416367032035,D
C,-0.0054850145,99.4530000726577,C
A,-0.11480661,89.15385418748856,A
C,-0.43210074,64.91439786266957,B
C,-0.012959979,98.71236399049624,C
D,-0.00056185015,99.94383076582393,C
A,-0.045899913,95.51375542592663,A
D,-0.0007899748,99.92103371479433,D
B,-0.28482085,75.2148989741609,C
A,-0.047534846,95.35772442010307,A
A,-0.00022475497,99.97752702855061,A
C,-0.010577406,98.9478338043265,C
D,-0.11630051,89.02076667918357,D
B,-0.18139479,83.41059969791638,D
D,-0.030207342,97.02443402893182,D
A,-3.336339,3.5566930193259245,A
B,-0.0001506213,99.98493900428184,B
B,-0.00010819213,99.98918137225574,B
B,-0.0002970896,99.97029545267453,D
B,-0.00087918504,99.91212013299288,B
B,-0.81605655,44.21719037517168,D
B,-0.02004075,98.01587310246475,D
C,-0.00091098674,99.90894280824448,C
A,-0.0011852304,99.88154717081366,A
D,-7.064298e-05,99.99293595151566,D
A,-0.00025645216,99.97435807210444,D
C,-0.0003781224,99.9621949079265,C
A,-2.6238105,7.25259753934469,A
A,-0.06947246,93.28858247063972,D
C,-0.0035750074,99.64313753305866,C
D,-0.82917124,43.64108163181746,A
C,-0.07859275,92.4416316341915,C
C,-7.767599e-05,99.99223270267017,C
D,-0.000715412,99.92848438461495,C
B,-0.0025319026,99.74712999619595,B
B,-0.00033725024,99.96628066224697,B
B,-0.0005493374,99.94508134581642,B
D,-0.52020717,59.439739390562565,C
A,-0.0014139274,99.85870717243944,A
A,-0.00015622021,99.98437919917416,A
C,-0.20562345,81.41395828316938,C
D,-9.221884e-05,99.99077854120266,D
B,-9.1742026e-05,99.9908262182171,B
B,-0.41270486,66.18575946547507,D
D,-0.49746883,60.8067836529799,A
C,-0.00097411335,99.90263609443913,C
C,-0.0404663,96.03415274755699,C
B,-0.0047808806,99.52305296187824,B
C,-0.069885746,93.25003557154031,C
D,-9.73446e-05,99.99026601378318,D
B,-0.002942044,99.70622795703649,B
A,-0.036635946,96.40270293691421,A
A,-0.00029601678,99.97040270286442,A
A,-0.005046133,99.4966577340783,A
C,-1.2292485,29.25123181101113,B
C,-0.092358604,91.17781236299481,D
C,-0.0129480865,98.71353793426555,D
C,-0.048503213,95.2654278422721,C
A,-2.553464,7.781165903218648,D
Collapse,-1.7983464,16.557245258382842,D
C,-0.0035508894,99.64554075523002,C
D,-0.00040362097,99.95964604739859,D
A,-0.17667717,83.80502886319029,D
C,-0.10703725,89.84922035323592,C
D,-0.058110345,94.35458261280871,D
D,-7.016616e-05,99.99298363015873,D
A,-0.38659993,67.9362833254536,D
B,-0.00010163593,99.98983692347562,B
B,-0.0065970677,99.34246451777733,A
A,-1.4770263,22.831562206387748,A
A,-0.0005113298,99.94888009068032,A
A,-0.024846043,97.54600793758193,C
A,-0.008328393,99.17061919859309,A
B,-0.00023917861,99.97608499909234,B
C,-0.0006975424,99.93027008261431,C
C,-1.2247916,29.38189258077541,A
C,-0.0049813706,99.5031015850825,C
C,-0.00055422477,99.94459287841786,C
C,-0.0015811628,99.84200865793225,D
A,-0.0005020392,99.94980868005925,A
A,-0.00034404485,99.96560143266427,A
C,-1.2366676,29.03501704831401,D
B,-1.8527435,15.680637735280806,A
B,-0.19861345,81.9866751581026,B
A,-0.5487627,57.76641121925587,B
A,-0.26051438,77.0655074276403,C
D,-0.011658824,98.84088767294772,D
B,-0.0004101772,99.95899069111671,B
D,-0.000749948,99.92503331407167,D
D,-0.12099085,88.60420668406964,A
B,-5.4908094e-05,99.99450934134218,B
C,-0.06634259,93.58102101484089,C
D,-1.5014863,22.279876812638854,D
D,-1.8821634,15.226034914842609,D
C,-0.5765508,56.18329023939217,B
D,-0.0006008114,99.93993690510283,B
D,-0.0001273766,99.98726315120547,D
B,-0.010624242,98.94319959210726,B
C,-0.00421659,99.5792287333872,C
A,-7.9940866e-05,99.99200623291858,A
D,-0.06321431,93.87422702740089,D
A,-0.55939287,57.15559673048411,C
D,-0.3408935,71.11346400127807,C
B,-0.82044417,44.02360714173031,D
A,-0.85513633,42.52252161767831,A
B,-0.0017013643,99.83000821997832,B
A,-0.002278127,99.77244659619082,B
B,-0.7546335,47.018290519113506,D
C,-0.00010807293,99.98919329096687,C
C,-0.00017338553,99.98266295004024,C
C,-0.26902053,76.41275679481953,C
C,-7.8748824e-05,99.99212542766072,C
D,-0.00011450992,99.98854966360106,C
D,-7.266944e-05,99.99273332003598,D
A,-0.006315531,99.37043700486362,A
B,-4.465658e-05,99.99553444170903,B
C,-0.0011242642,99.88763675482228,C
D,-0.26291308,76.88087192609144,D
C,-0.2973906,74.27538360458351,C
B,-0.011831194,98.82385193740659,A
A,-2.0319486,13.107984993334753,B
C,-0.0005787697,99.94213977548753,C
A,-0.07358069,92.90611768205792,A
B,-0.43957117,64.43126624476533,D
D,-5.3000836e-05,99.99470005685195,D
C,-0.07367482,92.89737284078292,C
B,-0.00029816243,99.97018820159998,B
C,-2.012553,13.364703786731289,D
A,-0.8388905,43.21897720688446,B
C,-6.575563e-05,99.9934246531854,D
A,-1.754351,17.30194955141943,C
A,-0.3731198,68.85827356907393,A
B,-0.38711914,67.90101928330206,B
B,-0.08480476,91.8691632247231,C
B,-0.17434038,84.00109260726717,B
D,-0.0020311808,99.79708806517579,A
B,-0.0020536701,99.79484372376008,B
B,-0.0014103549,99.85906391830804,C
B,-0.0051884586,99.48249782025131,B
C,-0.0020102412,99.79917779816004,C
A,-0.0014559511,99.8545108282604,B
A,-0.0001342904,99.98657186165522,A
B,-0.028331645,97.20659325311512,B
B,-0.000111410634,99.98885955719342,B
C,-0.0011315246,99.88691153325709,C
B,-0.005784332,99.42323650390917,A
D,-0.00014215785,99.98578522539484,D
B,-0.72062415,48.64485443300807,A
C,-0.00016039233,99.98396205321622,C
A,-0.00363725,99.63693567811823,C
B,-0.0002899374,99.97101046277861,C
B,-0.39203253,67.56821336633104,D
C,-0.00041529932,99.95847869048258,C
D,-5.4788892e-05,99.99452126088839,D
C,-0.57293975,56.38653765704813,C
A,-0.27260655,76.139229850364,B
C,-8.5781845e-05,99.99142218341572,C
C,-0.10181812,90.31938096208997,C
B,-0.9375025,39.160464766395606,D
D,-0.00050323125,99.94968953496083,C
C,-0.00067240145,99.93278245611954,C
B,-0.018540861,98.16299633903711,D
C,-0.00036691726,99.96331500459057,C
A,-0.012911491,98.71715047164393,A
D,-0.053814437,94.7607931158548,D
C,-0.0044089905,99.56007148298065,C
D,-7.398068e-05,99.9926022056503,D
C,-0.1538067,85.74377477100884,D
C,-0.18359666,83.22714244938571,A
B,-0.35219708,70.31415331868898,C
D,-0.00020461321,99.97954077218552,D
B,-0.0069383136,99.30857009256047,C
A,-0.6542175,51.984868507132134,C
D,-1.6127998,19.932875145011707,C
B,-0.022280391,97.79659837440597,D
A,-0.08480486,91.86915403780722,C
C,-0.0007244678,99.92757945634348,B
B,-1.139456,31.999305069573538,C
B,-0.0006298751,99.93703232296777,B
C,-0.001396188,99.86047862170162,C
C,-0.00015359772,99.98464140755259,C
B,-0.00021152703,99.9788495340265,B
B,-0.0002478695,99.97521612171066,B
A,-0.009280693,99.07622397135144,B
C,-0.28138223,75.4739796147245,C
D,-1.0099974,36.42199265421012,C
A,-0.003282644,99.67227379851576,C
B,-0.22432713,79.90536971737652,A
B,-0.1943859,82.33401160045088,B
B,-0.27773225,75.74996148860471,B
A,-0.0039847237,99.60232047770565,A
B,-0.1155642,89.08633769723282,C
C,-0.00042400116,99.9576088715789,C
B,-0.063956305,93.80459865546415,B
B,-0.008111791,99.19210207958625,B
C,-0.037511494,96.3183346827809,C
B,-0.120676145,88.63209525904098,B
B,-0.0009587471,99.90417123511567,B
D,-0.00057555124,99.94246143578434,B
C,-0.013883273,98.62126551890569,D
C,-0.05017509,95.10628883206135,C
D,-0.00074125355,99.92590211105441,D
C,-0.5192981,59.49379884264046,B
A,-2.3772504,9.28054047542131,C
C,-4.0842064e-05,99.99591587700257,C
B,-0.0033898067,99.66159322083037,D
A,-0.00025084958,99.97491818801252,A
B,-0.04832161,95.28272990076985,C
B,-0.050032567,95.11984463164823,A
A,-1.2154236,29.65843545486034,C
D,-0.0010089923,99.89915165615706,D
A,-6.587483e-05,99.9934127339699,A
D,-0.0005216968,99.94784392601139,D
A,-0.00018315656,99.98168602121387,A
C,-0.3089024,73.42524295663466,C
A,-1.4684219,23.028861704873076,A
B,-1.2309682,29.200971696211912,A
D,-0.14699782,86.32958593992416,D
A,-0.23892163,78.74765944951774,B
A,-0.0420065,95.8863547939167,C
B,-0.007183349,99.28423895848074,B
C,-4.8709502e-05,99.99512916842886,C
A,-0.0010822329,99.89183525028251,C
C,-0.0001201125,99.98798947132175,C
D,-0.015295616,98.48207677915684,A
A,-1.3895442,24.918885903260133,C
B,-0.86257243,42.207492639809516,C
A,-4.8828708e-05,99.9951172484102,A
B,-0.4114129,66.27132408040228,D
A,-0.00013166793,99.98683407378415,A
A,-2.5916896,7.4893393246976565,D
A,-0.50359267,60.43555048538172,C
A,-1.069051,34.33341870075154,B
A,-0.010243885,98.98084048870999,C
A,-0.002421795,99.75811351796023,A
B,-0.00033677343,99.96632832718062,B
C,-0.00021093102,99.97890912243835,C
A,-0.0018072685,99.81943636263372,A
D,-0.22408335,79.92485142293484,C
D,-0.0796917,92.34009870313275,D
C,-0.039138805,96.16172226036977,C
B,-0.17506513,83.94023487138594,D
A,-0.00073078193,99.92694850260817,A
C,-0.007202875,99.2823003533575,C
D,-0.51182395,59.94013031567014,D
C,-0.005185732,99.48276906959967,C
C,-0.007859058,99.21717436528465,B
A,-0.0018746204,99.81271356033707,A
A,-0.00017708084,99.98229348378865,A
D,-0.6953326,49.89084834251724,B
C,-0.007353178,99.26737904715412,C
D,-0.00018971277,99.98103052243296,D
B,-0.05495258,94.65300313433765,B
B,-0.0002554985,99.97445341369622,B
A,-0.0005239617,99.94761755439603,A
C,-0.0006060527,99.93941309128427,C
B,-0.33875278,71.26586107747043,C
B,-0.068583615,93.37153842275589,A
A,-2.888732,5.564672794634871,B
A,-1.7946547,16.618482606113012,C
A,-0.00016206119,99.98379519412053,A
A,-0.003366408,99.6639251998342,A
A,-0.996124,36.93081088547759,A
C,-0.2545392,77.52736617675625,A
B,-0.0001657565,99.98342572368496,B
B,-0.0010017282,99.8998773362203,B
D,-0.06895332,93.33702487845137,D
C,-3.620438,2.6770948249007254,C
A,-0.000184587,99.98154300351321,A
B,-6.6232446e-05,99.993376974732,B
A,-0.0053745103,99.46399065410986,B
B,-0.00025657137,99.97434615416192,B
B,-0.0128760645,98.72064773672268,D
D,-0.080718644,92.24531926772606,D
A,-0.05036748,95.087993093168,C
B,-2.1851497,11.24608969978167,B
B,-0.0005692371,99.94309248847006,B
D,-0.41207403,66.22752460008358,D
A,-8.077529e-05,99.99192279722358,A
D,-0.0066807983,99.33414686184379,D
A,-0.62272143,53.6482449715021,C
A,-1.4844,22.66382828594513,A
A,-1.0604417,34.630281459023124,D
A,-0.0002733754,99.97266619636498,A
C,-0.09125641,91.27836340391204,D
B,-0.002691225,99.73123930995659,B
D,-4.167649e-05,99.9958324378453,D
C,-0.00011784763,99.98821593137592,C
A,-0.014850463,98.5259261301923,A
B,-0.22974283,79.47379589859418,A
B,-7.505351e-05,99.99249493064443,B
D,-0.00022177487,99.97782497202287,D
A,-0.86408,42.143909829941265,A
A,-2.961075,5.176324176765703,C
A,-0.32340956,72.36774043472994,A
C,-7.2907846e-05,99.99270948117123,C
A,-0.000114748334,99.98852582493383,A
B,-0.007720794,99.23089347708888,B
A,-0.009919703,99.01293349724808,A
A,-0.05064787,95.06133510827543,B
D,-0.0011746286,99.88260610061371,D
A,-0.00032259183,99.96774601971498,A
D,-0.07073256,93.17110356100042,C
A,-0.006376652,99.36436356999255,A
C,-0.088329524,91.54591612501592,B
D,-0.021591956,97.86394815592128,B
D,-0.035044614,96.5562337698486,D
A,-0.043826494,95.71200091314549,A
D,-0.08816047,91.56139363655129,D
C,-0.0021487155,99.7853591336609,C
B,-1.1908661,30.395789209958977,A
C,-0.53545934,58.540033058972874,A
A,-2.9019217,5.491758346785,C
D,-0.31936002,72.66139066721937,D
B,-0.014772718,98.5335863260864,C
B,-0.036710985,96.3954692458964,B
A,-0.93885446,39.107557156994524,C
D,-0.0082413815,99.17924855834681,C
B,-0.17092271,84.28867176684986,B
A,-0.03566104,96.49673233788977,B
C,-0.0027944185,99.7209482253085,C
A,-1.3168802,26.797001206818216,B
C,-0.0003893239,99.96107518767154,C
C,-0.00024798868,99.9752042066651,C
D,-0.00011498674,99.98850198707217,D
B,-0.49068755,61.22053276758209,D
A,-7.922564e-05,99.99207774982682,A
D,-0.16485207,84.80191422813688,C
B,-0.00021772196,99.9782301739706,B
B,-0.00084845984,99.91519000002728,B
A,-2.5059237,8.160018906840442,A
A,-1.464021,23.130432760444325,B
D,-0.7690194,46.34673216100065,D
A,-0.017206198,98.29409832724512,D
C,-0.29678074,74.32069500542968,B
B,-0.03654906,96.41107934605266,B
D,-7.266944e-05,99.99273332003598,D
D,-0.0062264404,99.37929037108864,D
A,-0.32252568,72.43173310990211,D
C,-0.00020544765,99.97945734529232,C
A,-0.0021431241,99.78591707507779,A
A,-0.60598505,54.553678087320336,A
C,-0.871668,41.825332054811504,D
A,-0.003832141,99.61751922819411,A
D,-0.00017123987,99.98287747907096,D
A,-0.0002975664,99.97024778684901,A
D,-0.06471777,93.73319692515831,D
D,-0.01662004,98.35173108863438,D
C,-4.6931925,0.9157404426522007,B
D,-0.22972208,79.47544499696842,C
A,-0.00015896189,99.98410507437718,A
C,-0.00016301482,99.98369984661937,C
D,-0.00032175743,99.96782943283705,B
D,-0.22310616,80.00299136106189,B
C,-0.001443688,99.85573536162042,C
A,-2.555413,7.766015180048965,C
A,-1.6166903e-05,99.99838332276838,A
A,-1.4334127,23.849362465912836,A
A,-0.00010568886,99.98943167248709,A
A,-0.0026870638,99.73165431245306,A
B,-0.0012265391,99.87742127916424,B
A,-0.001091639,99.8908956621099,A
B,-0.08061549,92.25483523218627,A
A,-0.0057167774,99.42995322775214,A
A,-0.029295286,97.11296611310671,C
D,-0.0074467827,99.2580875887875,D
D,-0.9473724,38.77585604223518,B
C,-0.00026276626,99.973726826003,C
D,-1.166322,31.151057272448906,B
A,-0.0005923516,99.94078238055734,A
B,-8.804671e-05,99.99119571659978,B
B,-0.02573988,97.45885666180489,B
A,-0.0017349174,99.82665866992375,A
A,-0.0026723302,99.73312372957992,D
A,-0.00036084888,99.96392162181267,A
D,-0.00021843717,99.97815866856617,D
C,-0.001355833,99.86450857263019,C
A,-0.028335007,97.20626644509797,D
A,-1.5193172,21.886127442370462,A
B,-0.4260785,65.30650745000996,B
A,-0.991416,37.105091076783005,B
D,-0.021189272,97.90336433762073,D
B,-0.0025005098,99.7502613870498,B
A,-0.100627586,90.42697328943802,B
B,-0.0746027,92.81121520462666,B
C,-0.004079113,99.5929195280789,C
A,-0.11521559,89.11739949933029,A
A,-0.019793123,98.04014748444565,A
A,-0.99247116,37.065959917330126,D
C,-0.07514002,92.76135927796567,C
B,-0.036878176,96.37935413818572,C
A,-0.042086273,95.87870595682512,C
B,-0.0038042343,99.62029926320858,B
D,-0.36839247,69.18455997557997,D
C,-0.009969624,99.00799079596828,C
A,-0.56908566,56.60427576958425,C
A,-9.138441e-05,99.9908619765428,A
B,-0.00046749215,99.95326171074288,B
B,-1.3751383,25.28046305065528,C
D,-0.0015808053,99.84204435145674,D
D,-0.09515366,90.92332109583532,D
D,-0.00014561474,99.98543958613116,D
C,-0.0010691315,99.89314398174595,A
B,-0.00011927807,99.98807290433462,B
C,-0.006708974,99.33134809215089,C
C,-0.028620724,97.17849692956831,A
A,-0.896379,40.80445170962793,C
B,-0.04574383,95.52866466292372,B
B,-0.0027675482,99.72362779310384,B
C,-0.003357847,99.66477842635007,C
B,-0.0021051753,99.78970390274003,C
D,-0.024526669,97.57716657168494,D
C,-0.00031174798,99.96883006083522,C
B,-0.51936066,59.490077027004475,C
C,-0.00015860428,99.98414082969938,B
D,-1.2337615,29.119518436629633,A
C,-0.0020962532,99.79059424042904,C
A,-0.0030177569,99.69867919514273,B
B,-0.08965975,91.42422032659525,B
B,-0.0145058185,98.55988840085921,B
E,-0.7749484,46.07275539274017,B
C,-0.70352256,49.48391295710231,B
B,-0.0001170132,99.98829936457774,B
C,-1.2517487,28.600422372560157,C
D,-0.0012849948,99.87158304522985,D
A,-0.01061834,98.94378355659454,A
A,-0.00019543454,99.98045845560857,A
D,-0.16395214,84.87826436454449,B
D,-0.00018244502,99.98175716220805,D
A,-0.30925822,73.3991214342415,B
C,-0.00017660404,99.98234115535755,C
C,-0.06044621,94.13444025720183,C
B,-0.00013464801,99.98653610546364,C
B,-0.95839506,38.3507899481403,D
D,-3.9292416e-05,99.99607083559368,D
D,-0.00017028624,99.98297282578788,B
B,-0.0479858,95.31473216733767,C
D,-0.0031953047,99.6809794853075,D
C,-1.1551139,31.502165389353625,C
B,-0.26687202,76.57710685757614,B
D,-0.13214897,87.62104562847598,D
A,-0.3182908,72.73912322854765,B
A,-0.072796725,92.9789813841708,D
C,-0.024172286,97.61175238865695,D
B,-0.31252483,73.15974631561043,B
B,-4.2272506e-05,99.99577283874697,B
D,-0.00040850835,99.95915750781754,D
C,-0.3020811,73.92781070037945,A
B,-0.0043779053,99.56316637581713,B
B,-7.13582e-05,99.99286443459357,B
B,-9.0907604e-05,99.9909096527971,B
D,-0.00010819213,99.98918137225574,D
C,-0.002930872,99.7073418812376,D
D,-0.0066966615,99.33257111690351,D
B,-0.00013917775,99.98608319347737,B
D,-0.011084015,98.89771863666006,D
A,-0.0010685355,99.89320351807751,D
C,-0.030054657,97.03924933565031,C
B,-0.00023274162,99.97672854622297,C
A,-0.00020842774,99.97915939795524,A
A,-0.32340455,72.36810299801775,A
A,-0.00010497363,99.98950318795387,A
A,-0.0019216106,99.80802345115978,A
D,-0.30382317,73.79913539243155,D
B,-0.22145464,80.13522706625416,A
C,-0.06333158,93.86321904226321,D
C,-0.0002975664,99.97024778684901,C
D,-0.62326956,53.618846816727206,D
C,-0.047430485,95.36767656688022,C
D,-0.031294797,96.91898167076394,A
B,-0.00023250321,99.97675238167767,B
A,-0.14962347,86.10321198204478,A
D,-6.4325184e-05,99.99356768848203,D
D,-0.00013083349,99.98691750683278,D
C,-5.3000836e-05,99.99470005685195,C
B,-0.16177799,85.06300319520642,B
C,-0.60972404,54.35008328713826,B
C,-0.053356934,94.80415638164341,C
C,-0.00021474186,99.9785281195383,C
B,-3.172001,4.191963273920397,D
C,-0.07316009,92.94520221405588,A
D,-0.63214785,53.14491013201631,B
D,-0.0004837002,99.95164167640824,D
A,-0.00016003472,99.98399780848727,A
B,-0.0006777656,99.93224640312226,B
C,-0.26298153,76.87560961051291,B
D,-0.00077913096,99.92211724837138,D
C,-0.00044115915,99.95589381463896,C
A,-1.2930324,27.443731630812035,B
C,-0.0010678204,99.89327495173288,C
C,-0.05809842,94.35570779791527,B
B,-0.07663669,92.6226299762635,B
B,-6.194111e-05,99.99380608083109,B
B,-7.2073424e-05,99.99279291732267,B
C,-0.00039837603,99.96017033111944,C
C,-0.0042897114,99.57194762697688,A
B,-0.0029962435,99.70082407577948,B
A,-0.00010676169,99.98932440088264,A
C,-0.4476009,63.91597217807109,C
D,-0.020165306,98.00366539766183,C
A,-0.005416131,99.45985097934272,A
D,-7.8748824e-05,99.99212542766072,D
A,-0.0021426473,99.78596465301439,A
D,-1.4803838,22.75503378026598,A
A,-0.0020474824,99.79546122622506,A
D,-0.18538456,83.07847358353581,D
D,-0.00013905855,99.98609511181921,A
D,-0.0002933943,99.97066487358987,D
D,-0.07082552,93.16244277777282,B
A,-0.0003809833,99.96190892649219,A
A,-0.87328714,41.75766578203564,A
A,-0.0914998,91.25614986642927,C
A,-0.00013214473,99.98678640007303,A
A,-0.00011725161,99.98827552637015,A
D,-7.421909e-05,99.99257836641685,D
A,-0.0012084495,99.87922803810592,A
D,-0.00010413921,99.98958662122993,D
B,-0.00280191,99.72020116862316,B
A,-0.38130686,68.29682818144612,B
C,-0.0001752928,99.98247225628852,C
B,-0.024017274,97.62688455442155,B
B,-0.9711244,37.86570366782385,A
A,-0.1033329,90.18267053944406,C
B,-0.00047082987,99.95292809529897,B
C,-1.8166674,16.25666186988167,A
A,-0.012927612,98.71555906528874,A
D,-0.2630223,76.87247545579928,D
A,-1.5810941,20.574986408672995,A
C,-0.0061775134,99.3841528205802,A
D,-0.03873394,96.20066265832293,D
B,-0.0002937519,99.97062912408651,B
C,-0.34114715,71.09542835860124,D
C,-0.00025919382,99.97408397678161,C
B,-0.00053861644,99.94615285877954,B
B,-0.00022964232,99.97703840457794,B
B,-1.3646395,25.547275731843396,C
C,-0.0012172596,99.87834809599518,C
C,-0.017900808,98.22584597073494,C
C,-0.16325364,84.93757254317313,A
B,-0.00051621714,99.94839160771438,C
D,-1.0804319,33.94488860065225,C
B,-0.0054231235,99.45915550876629,D
A,-0.32370695,72.34622219221572,B
C,-0.27019155,76.32332829985509,D
B,-0.020701526,97.95112795927375,D
C,-1.357671,25.725923653875192,A
D,-0.006369421,99.36508207630327,D
C,-0.00064190367,99.93583023060862,C
A,-0.022859769,97.73995358778913,D
B,-0.9690528,37.944227566514094,B
C,-0.2846346,75.228909053743,A
C,-0.30076447,74.02521037938126,B
D,-0.45558563,63.407652495945335,B
A,-0.07817555,92.4802063290311,C
A,-0.00023703295,99.97629951400903,D
A,-2.715218,6.619052190036546,C
B,-2.7133641e-05,99.9972866727114,B
D,-0.003972136,99.60357424972617,D
D,-1.8384266,15.906750613152143,A
B,-0.008635961,99.14012217978137,B
B,-7.3861476e-05,99.99261412516917,B
B,-0.0016028176,99.83984662261248,B
C,-0.00040195213,99.95981286419348,C
B,-0.006897944,99.31257922073459,B
B,-1.0595614,34.660779917718585,B
B,-0.00025657137,99.97434615416192,C
B,-0.07987991,92.3227210085351,D
C,-0.00012952226,99.98704861276457,C
B,-0.3624096,69.59972289843274,A
B,-0.0069797486,99.30445532720694,C
C,-0.0011761783,99.88245131265899,D
C,-0.00027134892,99.97286878917885,C
C,-0.004590923,99.54195991786669,A
C,-0.09601011,90.84548315439316,D
D,-0.09960958,90.51907536308624,B
A,-0.0030321365,99.69724557832282,A
D,-4.632543e-05,99.99536756430062,D
A,-0.13321567,87.52763009113865,A
C,-0.0046994956,99.53115297514886,D
A,-0.2832117,75.33602846046425,D
B,-1.4626938,23.161151851483595,D
B,-9.901345e-05,99.990099145167,B
A,-8.6735476e-05,99.99132682854126,A
C,-0.014682031,98.5425224466184,A
C,-0.0005190744,99.94810602958097,C
D,-0.4124519,66.20250393294042,B
A,-0.003670152,99.63365747759052,B
A,-1.109591,32.969377825850344,B
A,-8.292095e-05,99.99170824878469,A
A,-0.0025078822,99.74952599093356,A
B,-7.851042e-05,99.99214926618623,B
C,-0.020336675,97.9868720464973,B
B,-0.0002545449,99.97454874938045,B
C,-1.8198055,16.205726800737345,A
A,-0.05567898,94.58427215897332,A
B,-0.0001940041,99.98060147175785,B
D,-0.012393681,98.76828043599063,D
A,-0.0123046655,98.77707273517741,D
D,-0.38885003,67.78359174442872,B
A,-0.36741558,69.25217870302637,A
D,-0.6227821,53.64499023121323,D
C,-0.091366746,91.26829266999998,C
D,-0.19693394,82.12448829577406,A
C,-0.020713089,97.9499953569293,C
C,-0.0005577972,99.94423583399369,C
D,-7.266944e-05,99.99273332003598,D
B,-0.0010326919,99.89678411427747,B
B,-0.011379079,98.86854178493923,B
C,-0.00015800826,99.98420042226476,C
D,-0.0030969044,99.69078860619544,D
C,-0.00074375677,99.92565197485081,B
C,-0.0003396343,99.96604233692,C
B,-0.15896097,85.30296520667326,C
C,-7.338466e-05,99.99266180325883,C
C,-0.00082344905,99.91768898911289,C
C,-0.00065012503,99.93500862554875,C
D,-0.00019638817,99.98036311128942,D
D,-0.00031794657,99.96821039696543,D
B,-1.4625648,23.164139832793087,A
C,-0.14024842,86.91422962488804,A
D,-1.0393713,35.36769687858699,C
C,-1.8117228,16.337243618240958,B
D,-0.0013040454,99.86968044977274,D
A,-0.00042602763,99.95740631068848,A
C,-0.0067841704,99.32387901319466,C
D,-0.0013376242,99.86632700204954,D
A,-9.460292e-05,99.9905401554715,A
D,-0.00028231202,99.97177278262885,D
A,-0.0015561631,99.84450470939625,A
C,-0.0107820425,98.92758753756745,A
B,-0.0007148159,99.92854395200223,B
D,-0.95455724,38.49825617022653,D
C,-0.009370221,99.06735427222088,C
D,-7.815281e-05,99.99218502438512,D
B,-0.15902492,85.29751025647218,D
B,-0.013077055,98.70080781825811,C
D,-0.0064442884,99.35764314942746,D
C,-0.00074685604,99.92534227875532,C
A,-0.03671443,96.39513716407684,C
B,-8.304016e-05,99.99169632877386,B
D,-0.021894071,97.83438645496565,A
A,-0.9417706,38.99368016658973,C
C,-0.049789876,95.14293216331649,D
B,-0.015315693,98.4800995743496,B
A,-0.3795808,68.41481440105125,D
B,-9.984788e-05,99.99001571046337,A
B,-0.025775785,97.45535746437616,B
B,-0.0004326957,99.95673978992839,B
D,-0.00033212814,99.96679270084451,D
C,-2.8153372,5.988452227426851,A
D,-0.0001973418,99.98026776706122,D
C,-0.0001693326,99.98306817359556,C
D,-0.61773527,53.916411710190204,D
D,-0.37891337,68.4604917421452,D
A,-0.00067216303,99.93280628209638,B
B,-0.17281877,84.12900680286894,C
D,-0.0032042118,99.68009162080928,D
A,-7.660316e-05,99.99233997739472,A
B,-0.009576522,99.04691868598057,B
C,-0.21942575,80.29797767280687,C
A,-0.0022981092,99.7704529431273,A
C,-0.005998594,99.40193616441752,B
A,-0.1195362,88.7331885823379,C
A,-0.17592973,83.86769150933061,A
B,-0.000318185,99.96818656154785,D
B,-0.29880986,74.17004229468502,B
A,-6.301394e-05,99.99369880453366,A
D,-0.00013357517,99.98664337507658,D
A,-0.0012923781,99.8708456660929,B
A,-0.00037693037,99.96231406593272,A
A,-0.0010104191,99.89900912014915,A
C,-0.001571399,99.84298350009547,C
B,-0.0744208,92.82809910021614,D
D,-0.2424306,78.47182051324597,A
A,-0.8715653,41.82962773699303,A
A,-1.8136082,16.306470398153582,A
C,-0.0008970509,99.9103351329876,C
A,-8.602025e-05,99.99139834496357,D
A,-0.79921854,44.96802339633115,C
B,-0.00924857,99.07940664801235,B
C,-0.15151054,85.94088240561847,C
C,-0.00042066345,99.95794250164639,D
B,-1.49746,22.369763113827265,A
D,-0.6101876,54.32489460121436,A
B,-0.080445014,92.27056380811159,C
A,-0.00015824666,99.98417658603422,A
B,-0.58028966,55.97362098908276,B
A,-0.0031171106,99.68877425453398,A
B,-0.047727272,95.33937687995228,D
B,-0.036090374,96.45531190204515,A
B,-0.06572659,93.63868468237222,C
B,-0.00013202553,99.98679831849867,B
B,-0.0005661378,99.94340224257662,B
A,-0.07200558,93.05257034632938,A
B,-0.000857147,99.91432202455545,B
B,-0.05053534,95.07203296221863,D
A,-1.3841848,25.05279469523634,A
C,-0.001464389,99.8536682694382,C
B,-0.015815683,98.43087281683218,D
A,-0.00014120422,99.98588057488466,A
B,-0.019348318,98.08376593238017,B
A,-0.0009264685,99.90739605394333,A
A,-0.0013773758,99.86235723466793,A
D,-0.17223662,84.1779967625482,B
A,-7.588794e-05,99.99241149394169,A
D,-0.3511734,70.38616936556275,D
A,-0.18551122,83.06795153044742,A
A,-0.023892736,97.63904356848413,B
B,-0.00027087211,99.97291645725377,D
A,-0.0011633153,99.88373610889336,A
A,-0.299196,74.14140780337038,A
B,-0.009030034,99.10106143131227,B
B,-0.001849032,99.81526764065401,A
B,-0.30778262,73.50750912660237,D
D,-2.1650272e-05,99.99783499623655,D
D,-0.16590662,84.71253350599103,D
B,-0.32734838,72.08325756256014,A
C,-0.00011915887,99.98808482291362,C
C,-1.3688928,25.438846258974074,B
D,-0.36788404,69.21974442506524,B
D,-1.106545,33.069955652974215,B
C,-0.032728925,96.78008706554525,A
C,-0.15648177,85.51471068925726,B
A,-0.009481223,99.0563582080658,B
C,-4.74488,0.86961054758431,D
B,-0.1539824,85.72871091318022,B
B,-0.5655244,56.80621768311238,C
C,-0.16907468,84.44458378160272,C
C,-0.0077687013,99.22613970677688,D
C,-0.2592999,77.15915880245083,D
B,-0.0002226093,99.97774154756117,B
A,-0.13006577,87.80376804832136,A
A,-1.5401685,21.434498125459747,C
A,-1.0190463,36.093900360809194,C
D,-0.017668927,98.24862531907144,B
B,-0.5660922,56.773972268051565,D
B,-0.07118428,93.12902581449517,C
B,-0.5879622,55.545804461527936,B
A,-0.6199797,53.79553579775992,A
C,-0.009217628,99.08247241044303,B
D,-0.62780344,53.37629566392348,C
D,-4.3572173,1.28139955889774,D
B,-0.030838912,96.96317565364446,B
B,-0.00011319869,99.988680771673,B
D,-0.0010748496,99.89257278439243,D
B,-0.40274036,66.84856424054166,B
A,-0.0002196292,99.9780394916727,A
C,-0.012705178,98.73751920420409,C
B,-1.4644494,23.12052580527107,D
B,-0.000105331244,99.98946743031408,B
C,-0.10153418,90.34502988832608,A
A,-9.138441e-05,99.9908619765428,A
D,-0.0154951755,98.46242570600022,D
B,-0.619035,53.84638045311962,D
D,-0.102541916,90.25403180800822,C
B,-0.11178411,89.42372935516359,B
A,-0.0003863438,99.96137308211559,A
C,-0.08256942,92.07475173454951,C
D,-0.19719051,82.10342031863304,A
C,-0.008361026,99.16738301658023,C
B,-0.0043663904,99.56431284232235,D
B,-9.7583004e-05,99.99024217570664,B
B,-0.012439013,98.7638031737843,C
D,-0.11813761,88.85737675648329,D
B,-5.276243e-05,99.99472389619125,B
B,-0.00042006746,99.95800207559829,B
B,-0.010484922,98.95698531896588,D
C,-0.094819225,90.95373412203274,C
A,-0.025171941,97.51422306828108,A
B,-0.0011204534,99.88801740735373,B
C,-0.21570766,80.59708849651321,B
B,-0.0002728986,99.97271386334359,B
B,-7.0404574e-05,99.99295979043438,B
D,-0.00453135,99.54789010768272,D
B,-0.0009026461,99.90977611624437,B
B,-2.6656826e-05,99.997334352929,B
C,-0.04132947,95.9512947133591,C
B,-0.002785385,99.72184905856314,B
C,-0.19849518,81.99637229560246,A
D,-0.027372979,97.29982659171816,D
C,-1.6563749,19.082950377076227,A
C,-0.00073565455,99.92646159774662,C
A,-0.53975964,58.28883385788159,D
A,-0.17906453,83.6051947224133,A
A,-0.00027111053,99.97289262171388,B
A,-0.48412627,61.6235384957361,B
A,-0.050551318,95.07051391341167,A
D,-0.1579909,85.38575520368514,C
A,-0.00015574339,99.98442687373722,A
A,-0.0002790935,99.97209454429678,A
D,-0.15713716,85.45868356483264,A
C,-0.0001501445,99.98498667711213,C
B,-1.6372124,19.452153543928326,B
D,-0.00039146954,99.96086070742027,D
C,-0.055693526,94.58289634615682,C
C,-0.27264506,76.13629778507973,C
C,-0.006524942,99.34962992097215,C
C,-0.028688138,97.17194595919236,B
D,-0.000104496816,99.98955086436021,D
C,-0.000562327,99.9437831076196,C
A,-0.029753499,97.06847788288624,A
C,-0.000312344,99.9687704774309,C
B,-0.11792372,88.87638449350771,B
A,-0.0076692062,99.23601271261931,A
B,-0.00029935446,99.97006903420757,B
A,-0.00043758305,99.95625126754997,A
C,-0.09909398,90.56575903235918,C
B,-8.375538e-05,99.9916248127384,B
C,-0.0069225696,99.31013361899605,C
A,-1.9864036,13.718792194997759,B
A,-0.0002813584,99.97186811775627,A
A,-0.0021939215,99.78084833867416,C
A,-0.06709944,93.5102210149554,D
A,-8.3278566e-05,99.99167249015635,A
A,-1.6073153,20.042497335412367,C
A,-0.094905734,90.94586614577787,A
B,-0.8822821,41.38374148683157,D
A,-1.135386,32.12980763377808,C
A,-1.32622,26.547887720898185,C
B,-2.1106226,12.116250716838694,D
C,-0.00030543018,99.9694616459049,C
C,-0.026537146,97.38118699479605,D
C,-0.004973421,99.50389259808297,C
A,-0.03193153,96.8572897995172,A
D,-0.0034320964,99.65737865106861,D
C,-0.00047511753,99.95249953204606,C
B,-0.00043078844,99.95693043360173,D
A,-0.00014597236,99.98540382934465,A
C,-0.0003005465,99.9699498659575,C
B,-0.0001688558,99.98311584553382,B
C,-0.07952965,92.35506362862795,A
B,-0.004525773,99.54844528781396,D
A,-0.031094445,96.93840152791829,C
C,-0.001885446,99.81163303367384,C
B,-0.0028710885,99.71330291329485,B
B,-2.0830631,12.454812395159943,A
A,-0.0002849345,99.97151060899793,B
C,-0.059292674,94.24309037674263,D
C,-0.00087465893,99.91257234726231,C
C,-0.031181915,96.92992269676373,C
C,-0.0015598546,99.8441361340874,C
C,-0.018603701,98.15682797015934,C
B,-0.18528156,83.08703110701981,B
C,-0.105424516,89.99424015352241,C
D,-0.00019042798,99.98095901502569,D
C,-0.08755267,91.61706156737401,A
C,-0.00057221355,99.94279501329514,C
A,-1.0163603,36.19097889528493,D
A,-3.0209775,4.875353847840374,D
D,-0.014581702,98.55240961532954,C
A,-0.34013748,71.16724753048247,B
C,-0.19235516,82.50138045496442,A
C,-0.010152441,98.9898921065394,A
C,-0.00015884268,99.98411699348306,C
C,-0.16192755,85.05028212375399,C
A,-0.0002882722,99.97117693464384,A
D,-0.0026372494,99.73662250871647,C
B,-0.004001942,99.60060550983543,B
B,-0.527197,59.02571438487287,A
C,-0.0027988183,99.72050947404571,D
D,-0.00012952226,99.98704861276457,D
A,-0.00045926712,99.95408383270004,A
D,-0.47561312,62.15038831636283,D
A,-0.3303906,71.86429766570154,D
B,-0.0005432617,99.94568858399185,B
A,-0.036962956,96.37118344290256,D
D,-0.00027611342,99.97239246958021,D
B,-1.0709398,34.26863094432793,D
A,-0.3312865,71.79994327327735,B
A,-0.017682392,98.24730241023802,A
C,-1.6048216,20.09253968038299,C
A,-0.50386286,60.419223609774654,A
A,-0.00030483783,99.96952086283304,A
C,-0.77115035,46.248074746444125,B
A,-0.00016110756,99.98389054171261,A
B,-0.013068697,98.70163276305729,C
B,-0.0061003743,99.3918195203804,B
B,-9.543734e-05,99.9904567213998,B
D,-0.09856644,90.6135486972507,D
A,-0.050280754,95.0962400520647,B
C,-0.0025358289,99.74673835980829,B
C,-0.003974512,99.6033375919149,A
D,-0.13091405,87.72931744990257,D
C,-0.0074825147,99.25454096216619,C
B,-5.538491e-05,99.99446166237158,B
D,-9.066919e-05,99.99093349203267,D
B,-5.8126592e-05,99.99418750973176,B
C,-0.0010563878,99.89441699811637,C
B,-1.503861,22.227031559816567,C
A,-0.03709242,96.35870765160965,A
B,-0.021959035,97.82803094832579,A
B,-0.00016706773,99.9832946225036,B
A,-0.55749506,57.26417018682351,A
D,-0.36923584,69.12623639087118,B
C,-0.0016660157,99.8335371333776,C
D,-0.0012779728,99.87228434594826,D
A,-0.00012892624,99.98710820706306,A
A,-0.00016027314,99.98397397030536,A
A,-0.00016158436,99.98384286940495,A
A,-0.116302736,89.0205685191775,C
A,-0.058595,94.30886427227857,D
A,-1.3367536,26.269710566369643,C
C,-0.036891844,96.37803683417584,C
C,-0.1379156,87.11722155780438,C
A,-0.03810426,96.26125736722163,A
C,-0.10265541,90.24378909817626,C
D,-0.35478756,70.1322416318211,B
A,-0.00572649,99.42898750907824,C
A,-2.138252,11.78606835395816,D
B,-0.22575444,79.79140133757745,C
C,-0.6060675,54.549180321984956,D
C,-0.0021508578,99.785145363715,A
A,-1.3611386,25.63687092985858,A
B,-0.00023929782,99.97607308094396,B
B,-0.86370146,42.15986600540308,B
C,-0.6343801,53.02640971685669,C
C,-0.00021807956,99.97819442176188,C
C,-1.7542043,17.304487933604403,D
A,-0.008136268,99.18967418421755,A
C,-0.0031452777,99.68596635040612,C
D,-0.06454186,93.74968698216986,D
C,-0.0001690942,99.98309200956184,C
D,-0.18734238,82.91598000487754,D
D,-0.00026968008,99.97303562804042,D
B,-0.000244651,99.97553789246155,B
B,-0.9040825,40.491322260763155,C
A,-0.00045950554,99.95406000165022,D
A,-0.93451107,39.27778594707264,A
C,-0.015744112,98.4379178649381,C
C,-0.00017398155,99.98260335839122,C
D,-0.0014683191,99.85327583530768,D
B,-0.0045352695,99.5474999304921,B
A,-3.0467615,4.75125448835011,A
D,-0.00012118533,99.98788220126454,D
B,-0.00078377983,99.92165272451793,B
C,-0.00095302897,99.90474250178761,C
D,-0.1597731,85.23371623293062,A
C,-0.036583304,96.4077779015792,A
A,-1.7626228,17.159421579237982,D
A,-0.8076663,44.58974438181149,A
C,-0.015950847,98.41756940543016,C
A,-0.7364899,47.87915757309465,A
B,-0.00022690064,99.97731251000033,B
D,-0.00013262156,99.98673872338503,D
D,-0.0005551784,99.9444975683012,D
C,-0.00040183295,99.95982477740469,C
A,-0.01839036,98.17777107992788,A
A,-0.045955583,95.508438323165,A
D,-0.00016635252,99.98336613158132,C
D,-0.28778896,74.99198386230385,A
D,-0.5303291,58.8411291654301,D
B,-0.008921577,99.11181021801198,B
C,-0.0460034,95.50387150535633,A
A,-0.03375151,96.68117178347467,D
C,-2.7848862e-05,99.9972151525776,C
C,-0.00028672256,99.9713318540985,C
A,-1.3177058,26.7748867327329,A
D,-1.8439927,15.818457999276115,A
C,-0.011384257,98.86802984495527,C
A,-0.0038377326,99.61696220843092,A
C,-0.0017333713,99.82681301204002,D
D,-0.0063888496,99.36315157062322,B
D,-8.3159364e-05,99.99168440936441,D
B,-0.0141154295,98.59837260854904,B
C,-0.5463538,57.90573246534571,A
A,-0.017994238,98.21666915864733,A
D,-7.243103e-05,99.99275715930636,D
C,-0.00012260844,99.98773990761076,C
B,-1.4703426,22.984672620768233,D
A,-0.47532332,62.16840210896939,B
A,-0.0044690473,99.5540924032236,A
B,-0.29830903,74.20719818058198,A
B,-0.027965743,97.24216784801042,B
C,-0.0019500599,99.80518402314827,C
A,-1.9440331,14.312554454494963,A
D,-0.00021974841,99.97802757329134,D
A,-0.25958648,77.13704969888599,D
D,-0.018182484,98.19818200366598,D
A,-0.016197534,98.39329406481482,A
C,-0.31583694,72.91783402944168,C
D,-0.24743982,78.07972077730376,D
A,-0.0021996212,99.78027961939367,A
A,-0.00029935446,99.97006903420757,A
A,-0.04618406,95.48661933436571,A
B,-0.00011784763,99.98821593137592,B
B,-0.36168817,69.64995234285888,A
C,-0.0030100308,99.69944948008371,C
A,-0.00019591136,99.98041078293774,A
B,-0.055206437,94.62897785654249,B
B,-0.0008161776,99.91841553823403,C
C,-1.2745253,27.95636455905041,D
D,-0.00016146517,99.9838547864799,B
D,-0.00069551595,99.9304725865153,D
C,-1.5923764,20.34415782668434,B
D,-0.00019340808,99.9806610622137,D
D,-0.0068758065,99.31477777729228,D
B,-0.5004639,60.62493553931745,B
C,-0.004681219,99.53297208284282,C
C,-8.8165914e-05,99.99118379724999,C
D,-0.10805994,89.75737942447725,D
D,-0.0004952483,99.95048743151969,A
A,-0.003112711,99.68921284623,A
B,-0.24639495,78.16134657189806,B
B,-0.0018846116,99.8117163165352,B
B,-0.0010223285,99.89781938997444,B
B,-0.03768096,96.30201338286732,B
A,-0.00015074051,99.98492708507798,A
D,-0.01852916,98.1641449509772,D
B,-0.04142589,95.9420435355293,D
D,-0.7357412,47.91501812109063,C
A,-0.0009214657,99.90789587191455,A
D,-0.0014639122,99.85371587967859,A
B,-0.0048048533,99.52066715418374,B
C,-0.0055809254,99.44346190332756,C
C,-0.20379156,81.56323638799658,A
C,-2.4620252,8.526210318935917,A
B,-0.0009035998,99.90968083233633,B
B,-0.34473673,70.84068311861749,B
C,-0.003536517,99.64697291109171,C
A,-0.00019686499,99.98031543866406,A
A,-0.76822764,46.38344218050122,B
A,-0.035879236,96.47567943379383,A
B,-0.0006578696,99.93423467487597,B
B,-4.6683042e-05,99.99533180476362,B
C,-0.0314615,96.90282633237159,C
A,-0.0001787497,99.98212662747757,A
D,-0.25131196,77.77796975541851,B
D,-0.13317697,87.53101747596867,D
A,-1.9731352,13.90203157578466,B
A,-0.00029601678,99.97040270286442,A
C,-4.555287,1.0511483003539406,B
D,-0.26929414,76.39185236039447,D
A,-0.00078032294,99.92199814327705,A
B,-0.01806858,98.20936780643066,B
A,-0.24916424,77.94519456837943,D
D,-0.0723362,93.02181039072993,A
D,-0.0024629333,99.75400972317104,D
D,-0.0075062984,99.25218035001247,D
B,-0.0004066011,99.95934815510249,B
C,-0.0019228025,99.80790449004752,C
A,-0.00016110756,99.98389054171261,A
B,-5.9199425e-05,99.99408023272514,B
C,-0.017336719,98.28126972045686,C
C,-0.075853996,92.6951535311834,C
C,-0.06030089,94.14812086806911,C
C,-0.00035441187,99.9645650926468,C
B,-0.00040624346,99.95938390457016,B
A,-0.5067866,60.24283149692954,C
A,-0.0010473393,99.89532089683803,A
D,-0.08479019,91.87050176818255,D
C,-0.00028708015,99.97129610535632,C
C,-1.7976114,16.56941930706258,C
A,-0.00022141727,99.97786072409947,A
C,-0.09606501,90.84049587427006,A
C,-0.02971022,97.07267900044995,D
B,-0.038134556,96.25834108034456,B
B,-0.00029792404,99.97021203349598,D
A,-0.002976749,99.70276771243948,A
A,-0.63393533,53.04999951873567,A
D,-0.00013727049,99.98627389311626,D
B,-0.00021331508,99.9786707670044,B
C,-0.05177412,94.95433254673773,B
B,-0.20343229,81.59254487644878,D
C,-0.0056327246,99.43831094496464,C
D,-0.018918062,98.1259761411218,D
B,-0.082151584,92.11323191915864,A
C,-0.00018661347,99.98134039412105,C
D,-0.33667123,71.41435902993443,D
C,-1.8923957,15.071031928709191,A
A,-0.79910046,44.97333353403815,B
C,-1.3660904,25.51023606640707,B
A,-0.34575608,70.76850846014914,D
A,-0.20604768,81.37942736469057,A
B,-0.029811703,97.06282827361606,D
D,-0.58808273,55.53910992917028,D
A,-0.0047012763,99.53097574018256,A
B,-0.16830017,84.5100122904339,A
A,-0.00018161058,99.98184059102032,A
C,-0.0061643627,99.38545980035252,C
D,-0.016179122,98.395105698823,D
C,-0.0008794234,99.91209631794275,C
C,-0.00053361355,99.946652879639,C
C,-0.00021224226,99.9787780261795,C
B,-0.00041315364,99.95869316962124,B
C,-0.5173013,59.61271474629577,A
D,-0.015737304,98.43858803256418,D
A,-0.29524404,74.43499141459843,A
B,-0.000101039914,99.98989651903601,B
B,-0.00077317806,99.92271207651363,C
A,-0.0003191386,99.96809123193061,C
C,-0.0033261224,99.66794030173408,C
C,-0.6175446,53.92669293254016,D
B,-0.000101039914,99.98989651903601,B
B,-0.0031413548,99.68635740925056,C
B,-1.8749725,15.33591841645046,A
D,-0.00020437481,99.97956460731088,D
C,-0.060054738,94.1712984688064,C
D,-0.00032581034,99.96742427304251,D
A,-0.5675408,56.69178903151369,A
B,-6.837811e-05,99.99316242277297,B
B,-0.000118324446,99.98816825540612,B
B,-0.014544225,98.55610313319524,B
D,-1.1186726,32.671318600064346,A
A,-0.00128178,99.87190411291111,A
A,-0.005434031,99.45807066394406,B
C,-0.15788311,85.39495943029142,A
B,-7.159661e-05,99.99284059529762,B
B,-1.3045998,27.12810800125243,B
B,-0.00034404485,99.96560143266427,B
A,-0.00027754388,99.97224946317397,C
D,-9.150362e-05,99.99085005663285,D
C,-0.00057030993,99.94298526657967,C
B,-0.0065970677,99.34246451777733,B
C,-0.6960299,49.85607158029527,D
B,-0.33373782,71.62415418201623,D
C,-0.0003312937,99.96687611716982,C
D,-1.9749693,13.876557228063238,D
D,-0.13784112,87.12371029010339,D
D,-0.09755692,90.70507107599468,C
D,-0.00064083084,99.93593744482287,D
D,-0.00021116942,99.97888528746927,D
C,-0.0002357217,99.97643060801771,C
B,-0.026025873,97.4309880963089,D
A,-0.010186312,98.98653927668603,A
D,-0.00023083435,99.97691922901987,D
A,-0.00025692896,99.97431040434186,A
A,-0.10512816,90.02091443890437,B
A,-3.2617896,3.8319759576455787,A
B,-0.0008512015,99.91491606692298,B
B,-0.002214727,99.77877236982991,B
A,-0.07023317,93.21764389833005,A
D,-0.96658707,38.03790322873603,A
A,-0.00023417205,99.97658553661344,A
C,-0.0003643058,99.96357605513003,C
B,-0.04421719,95.67461392118642,B
C,-0.0002385826,99.97614458585652,C
D,-0.49420238,61.005730719874485,B
A,-2.8580492,5.738058920547644,C
C,-0.27965412,75.60451971497613,B
C,-0.062122967,93.97673193177873,B
D,-0.068393715,93.38927136159163,B
B,-0.027330533,97.30395666780967,B
B,-1.420491,24.15953644463004,A
C,-0.00020127551,99.97987447445566,C
A,-0.00025752498,99.97425081767113,A
C,-3.223996,3.9795716424863263,D
C,-0.01762583,98.25285963131924,C
D,-0.13459043,87.40738328058572,A
A,-0.14757138,86.28008493986628,A
B,-5.574252e-05,99.99442590335855,B
B,-0.0005806733,99.94194952581134,B
A,-0.00014120422,99.98588057488466,B
D,-0.08816615,91.56087356931242,A
B,-0.017981356,98.2179343939288,B
C,-0.0033359907,99.66695675345179,D
A,-0.00038527095,99.96148032573223,A
C,-0.00021331508,99.9786707670044,C
C,-2.5996394,7.430036609620279,A
B,-0.0006124787,99.93877088267917,B
D,-0.00025609453,99.9743938259405,B
A,-2.333301,9.697510334205596,C
D,-8.3278566e-05,99.99167249015635,D
B,-0.0017264684,99.82750210892594,A
A,-0.027668133,97.27111239646356,A
C,-0.00015407454,99.98459373288723,C
D,-3.4166656e-05,99.99658339276736,D
D,-1.0369165,35.45462415176736,A
A,-0.00025692896,99.97431040434186,B
B,-0.00056983315,99.94303291740754,B
D,-0.311161,73.2595918431146,D
B,-9.484132e-05,99.99051631772959,B
D,-0.41937283,65.74590291181829,D
A,-0.0009508833,99.90495686462644,D
A,-0.21342953,80.78090844509927,B
B,-9.364929e-05,99.99063550949579,B
D,-0.010738753,98.93187015606368,C
C,-0.0008815691,99.9118819367877,D
D,-0.13572045,87.30866697553512,B
C,-0.015379437,98.47382225895504,C
A,-0.1735494,84.06756207604232,D
D,-0.017919652,98.22399502033316,C
D,-0.6261712,53.46348973022076,D
B,-0.036314458,96.43370023143814,D
A,-0.016537618,98.35983776909399,A
D,-0.7124073,49.04620858039838,D
B,-0.00012594614,99.98740617908821,B
D,-0.8938534,40.90763768126177,C
B,-0.0693826,93.29696575931607,B
B,-0.02263836,97.7615964890512,D
D,-1.7063802,18.152167698218157,B
A,-5.2643223e-05,99.99473581626302,A
A,-0.1345326,87.4124381957223,A
B,-0.09769553,90.69249931739868,D
C,-9.972867e-05,99.99002763027384,C
B,-0.0018522431,99.8149471243627,B
A,-0.07544043,92.73349702328449,C
C,-0.2427688,78.4452858308161,A
B,-0.05913639,94.25782021486808,A
A,-0.21370336,80.75879123725547,B
D,-0.4059995,66.63105005800534,C
B,-1.3778563,25.211844047552525,A
D,-0.070813745,93.16353977199508,C
B,-0.11864529,88.81227709251893,D
A,-0.008444249,99.15913035287393,B
A,-0.023319548,97.69502513903859,D
C,-0.007789505,99.22407545740633,C
A,-0.0001342904,99.98657186165522,A
D,-0.15552226,85.59680228686692,A
C,-0.0008093867,99.91909407650606,C
A,-0.33699596,71.39117241002594,C
D,-0.21520726,80.63742937204213,B
C,-0.3294263,71.93362983107158,C
D,-1.313947,26.87571755972382,A
C,-0.0062285755,99.37907818659228,C
A,-2.5043855,8.172580306418608,A
C,-1.3174095,26.78282130712095,C
C,-0.0010891394,99.89114534970476,C
B,-0.06921632,93.3124804686397,A
B,-0.10597525,89.9446909111443,B
B,-0.0015756867,99.84255540425289,D
C,-1.1534572,31.55439828192395,C
C,-0.0006203425,99.93798498726277,C
C,-0.016463054,98.36717214547421,B
B,-0.68530273,50.39376494360843,A
D,-0.016483327,98.36517796800736,C
B,-0.10369812,90.14974003831449,D
A,-4.441817e-05,99.99555828164723,A
D,-0.01928121,98.09034835860862,D
C,-0.00017028624,99.98297282578788,C
C,-0.0012364184,99.87643456503022,B
A,-9.3410876e-05,99.990659348666,A
A,-1.5493126,21.23939232410183,C
C,-0.122851275,88.43951844540896,A
C,-0.127786,88.00416879161007,D
D,-0.00016420685,99.98358066312069,D
B,-0.0005003704,99.94997547643916,B
D,-0.43494713,64.7298888865628,C
B,-0.16498834,84.79035905861436,B
C,-0.67844534,50.740522209479565,B
B,-0.518831,59.52159488734071,D
D,-0.09345742,91.07767974766027,D
B,-0.0016967226,99.83047160200293,B
C,-0.06748463,93.47420874915025,B
B,-0.00028517292,99.97148677379322,B
C,-7.2073424e-05,99.99279291732267,C
A,-0.9121808,40.164735569062856,C
B,-0.09967109,90.5135077059957,B
A,-0.00012523093,99.98747769110656,A
C,-0.0011791547,99.88215402297332,C
A,-1.9097432,14.81184185218305,C
A,-0.0002728986,99.97271386334359,A
A,-8.1609716e-05,99.99183936139822,A
B,-0.00067514315,99.93250847078548,B
B,-0.33964416,71.20236441825357,D
D,-0.0012407061,99.87600632575982,B
A,-7.231183e-05,99.99276907844373,A
A,-0.023399564,97.68720828664786,D
D,-6.0510665e-05,99.99394911657333,D
A,-0.00019924906,99.98007707887756,B
B,-0.27769408,75.75285291981734,B
C,-0.0676931,93.45472421189362,D
D,-0.000676812,99.93234169855786,C
B,-0.0896918,91.42129022728888,A
C,-0.11941551,88.7438984371411,D
C,-0.20134832,81.76275859072983,C
D,-0.000109622575,99.98903834333349,D
B,-0.0004994167,99.95007079877622,D
D,-0.04470008,95.62842475990959,D
D,-0.0006584656,99.93417511408984,D
C,-0.12928611,87.87225182768053,A
C,-0.005822737,99.41941822783214,C
B,-0.018868577,98.13083202519687,D
B,-0.1636119,84.90714825866132,B
B,-0.00046284322,99.95372638753997,B
B,-0.00035882244,99.96412419290725,B
B,-0.04685575,95.4225034624306,A
B,-0.003232256,99.67729621158153,B
B,-0.33888963,71.2561090116823,D
C,-0.00036394817,99.96361180511013,C
C,-0.42691767,65.25172717634898,C
D,-0.015659025,98.4462940084009,D
B,-0.39160377,67.59719012508761,D
A,-0.71308225,49.013116011088165,C
D,-0.039064858,96.16883339416603,D
C,-0.5095962,60.07381078903157,B
D,-0.47511336,62.18145635706319,B
D,-7.815281e-05,99.99218502438512,D
C,-0.00013548243,99.986452674733,C
A,-0.00026515033,99.9734884819242,A
B,-8.900034e-05,99.99110036204128,B
A,-0.81176484,44.40736552968354,A
C,-0.029445428,97.09838647268414,A
D,-0.010682155,98.93746966050966,D
B,-0.858761,42.368670507442495,A
C,-0.7089189,49.21760014176723,B
A,-0.11118215,89.47757506814297,B
B,-0.6783759,50.744045753677824,C
A,-3.2855416e-05,99.99671451237333,A
A,-0.00065739284,99.93428231953304,A
A,-0.17742859,83.74207974197816,C
B,-0.00015335932,99.98466524389394,B
B,-1.1503562,31.652400344660524,B
D,-0.0019226834,99.80791637716966,D
B,-0.00022535099,99.97746743996271,B
A,-0.10385217,90.13585354049654,B
C,-2.3375223,9.656660514164319,C
C,-0.9551155,38.476770131692895,A
B,-0.10863983,89.70534510627132,B
A,-0.09150012,91.25612066446598,C
A,-0.00042018664,99.9579901626043,A
C,-0.0006747855,99.93254421165352,D
C,-0.008910232,99.11293464787721,C
A,-0.00018816312,99.98118545815696,A
D,-0.5404192,58.250401550221945,D
A,-0.0019391078,99.80627710548997,A
C,-0.0001659949,99.98340188763912,C
C,-0.00021736434,99.97826592819166,C
B,-1.2483566,28.697602594623362,D
